N,M,LOWER_BOUND,LOWER_BOUND_SECONDS_TAKEN,LOWER_BOUND_REQUIRED_ITERATIONS,UPPER_BOUND,UPPER_BOUND_SECONDS_TAKEN,UPPER_BOUND_REQUIRED_ITERATIONS,BOUNDS_SIZE
1,1,0.1086605804275036,0.0557587146759033,7,0.1265890871026321,0.0069332122802734,6,0.0179285066751285
2,1,0.5392634111615854,0.1823105812072754,13,0.7419654701502312,0.0732848644256591,14,0.2027020589886458
3,1,0.103558376578837,1.2438733577728271,46,0.1237810221002596,1.057182550430298,34,0.0202226455214226
4,1,0.5351128708645817,12.855687618255615,77,0.7650154552404691,19.156508445739743,120,0.2299025843758874
5,1,0.09786182231820113,481.4108147621155,393,-28878.629489812716,213.35085320472717,26,-28878.727351635036
