N,M,LOWER_BOUND,LOWER_BOUND_SECONDS_TAKEN,LOWER_BOUND_REQUIRED_ITERATIONS,UPPER_BOUND,UPPER_BOUND_SECONDS_TAKEN,UPPER_BOUND_REQUIRED_ITERATIONS,BOUNDS_SIZE,TRUE_PROBABILITY_VALUE
1,2,0.1088708261390327,0.0965535640716552,16,0.1284330017500451,0.0109744071960449,11,0.0195621756110123,0.1188817894098154
2,2,0.5519973583443178,0.5954656600952148,40,-23282.499948984896,0.18460845947265625,27,-23283.05194634324,0.5559538150681963
